,Series Title,Type,Year,"Revenue
(Initial Release)",Source Material,Animation Studio,Publisher,Distributor
0,100-man no inochi no ue ni ore wa tatteiru  seasons 1 and 2 ,TV,2020,0.0,manga,Maho Film,Warner Brothers,NBC Universal (Geneon)
1,86  eighty-six,TV,2021,435225.0,novel,A1 Pictures,Aniplex,Sony
2,86  eighty-six part 2,TV,2021,538500.0,novel,A1 Pictures,Aniplex,Sony
3,91days,TV,2016,182625.0,original,Shuka,Shouchiku,Shouchiku
4,aa megami-sama,TV,2005,3622275.0,manga,AIC,Kodansha,Bandai Visual
5,acchi kocchi,TV,2012,642450.0,manga,AIC,TBS,Pony Canyon
6,ai mai mii,TV,2013,28200.0,manga,Dream Creation,Production Committee,Takeshobou
7,ai mai mii  mousou catastrophe,TV,2014,62100.0,manga,Seven,Dream Creation,Dream Creation
8,akagi,TV,2005,0.0,manga,Madhouse,VAP,VAP
9,akane-iro ni somaru saka ova,OVA,2009,251925.0,visual novel,TNK,Marvelous AQL,Avex
10,animegataries,TV,2017,33450.0,original,WAO World,DMM,DMM
11,anitore  xx,TV,2016,56325.0,original,Rising Force,Earth Star Entertainment,Earth Star Entertainment
12,ano natsu de matteru ova,OVA,2012,120975.0,original,JC Staff,NBC Universal (Geneon),NBC Universal (Geneon)
13,antique bakery,TV,2008,95400.0,manga,Nippon Animation,Asmik Ace,Kadokawa
14,arcana famiglia special disc,OVA,2010,81375.0,novel,AIC,Frontier Works,Warner Brothers
15,arslan senki  fuujin ranbu,TV,2016,555000.0,manga,Liden Films,NBC Universal (Geneon),NBC Universal (Geneon)
16,asobi ni iku yo  ova,OVA,2010,206625.0,novel,AIC,Pony Canyon,Pony Canyon
17,ayakashi,TV,2008,27450.0,visual novel,Tokyo Kids,Media Factory,Media Factory
18,azumanga daiou,TV,2002,7765950.0,manga,JC Staff,King Records,King Records
19,azur lane  mikasa dai-senpai to manabu sekai no kansen  recap ,OVA,2021,41400.0,game,Bibury Animation Studios,Production Committee,Story
20,b-project  zecchou emotion,TV,2019,1202250.0,original,Bandai Namco Pictures,Aniplex,Sony
21,baby steps 2nd series,TV,2015,21600.0,manga,Studio Pierrot,NHK Enterprise,Pony Canyon
22,back street girls  gokudolls,TV,2018,31050.0,manga,JC Staff,VAP,VAP
23,owarimonogatari season 2,TV,2017,3029400.0,novel,Shaft,Aniplex,Sony
24,bakuman. 2nd series,TV,2011,0.0,manga,JC Staff,NBC Universal (Geneon),NBC Universal (Geneon)
25,bakuman. 3rd series,TV,2012,12975.0,manga,JC Staff,NBC Universal (Geneon),NBC Universal (Geneon)
26,beck  mongolian chop squad,TV,2004,542775.0,manga,Madhouse,King Records,King Records
27,the big o 2nd season,TV,2003,936000.0,original,Sunrise,Bandai Visual,Bandai Visual
28,black cat,TV,2005,1236525.0,manga,Gonzo,Sony,Sony
29,blade and soul,TV,2014,66900.0,game,Gonzo,TBS,TC Entertainment
30,bna  brand new animal,TV,2020,127650.0,original,Trigger,Touhou,Touhou
31,boku no hero academia 2nd,TV,2017,1074150.0,manga,Bones,Touhou,Touhou
32,boku no imouto wa oosaka okan,TV,2013,25050.0,original,Charaction,Production Committee,Touhou
33,boku wa tomodachi ga sukunai add on disc,OVA,2011,646275.0,novel,AIC Build,Media Factory,Media Factory
34,bouken ou beet,TV,2004,0.0,manga,Toei Animation,Bandai Visual,Bandai Visual
35,bouken ou beet excellion,TV,2005,0.0,manga,Toei Animation,Bandai Visual,Bandai Visual
36,buzzer beater 2nd quarter,TV,2007,0.0,manga,TMS Entertainment,VAP,VAP
37,c3 - c cubed-,TV,2011,687825.0,novel,Silver Link,King Records,King Records
38,caligula,TV,2018,68925.0,game,Satelight,Pony Canyon,Pony Canyon
39,carole   tuesday,TV,2019,195750.0,original,Bones,Flying Dog,Victor Entertainment
40,chaos head,TV,2008,230025.0,visual novel,Madhouse,VAP,VAP
41,chaos child,TV,2017,86325.0,visual novel,Silver Link,Kadokawa,Kadokawa
42,choujigen game neptune,TV,2013,1870725.0,game,David Production,Frontier Works,Media Factory
43,choujigen game neptune ova  nep no natsuyasumi,OVA,2020,209775.0,game,Okuruto Noboru,Frontier Works,Media Factory
44,chrono crusade,TV,2003,2919450.0,manga,Gonzo,Happinet,Happinet
45,chuu-bra ,TV,2010,92775.0,manga,Zexcs,King Records,King Records
46,code geass boukoku no akito,OVA,2013,7233075.0,original,Sunrise,Bandai Visual,Bandai Visual
47,crossange,TV,2014,2880525.0,original,Sunrise,King Records,King Records
48,d.c.ii s.s.  da capo ii second season,TV,2008,1125150.0,visual novel,Feel,King Records,King Records
49,damepri anime caravan,TV,2018,332325.0,visual novel,Studio Flad,Movic,Movic
50,dangan ronpa,TV,2013,1359075.0,game,Lerche,NBC Universal (Geneon),NBC Universal (Geneon)
51,dangan ronpa 3  the end of kibougamine gakuen,TV,2016,1431750.0,game,Lerche,NBC Universal (Geneon),NBC Universal (Geneon)
52,date a live iii,TV,2019,795600.0,manga,JC Staff,Kadokawa,Kadokawa
53,dog days ,TV,2012,2525025.0,original,Seven Arcs,Aniplex,Sony
54,dog days ,TV,2015,1627650.0,original,Seven Arcs,Aniplex,Sony
55,dorufuro  iyashi-hen,TV,2019,16725.0,game,Phoenix Animation,Victor Entertainment,Victor Entertainment
56,dorufuro  kyouran-hen,TV,2020,16575.0,game,Phoenix Animation,Victor Entertainment,Victor Entertainment
57,dr. stone 2nd season,TV,2021,55800.0,manga,TMS Entertainment,Touhou,Touhou
58,dungeon ni deai wo motomeru no wa machigatteiru darou ka ii,TV,2019,629550.0,novel,JC Staff,Warner Brothers,Warner Brothers
59,eikoku koi monogatari emma s2,TV,2007,226575.0,manga,Asia-Do,Showgate,Pony Canyon
60,eldlive,TV,2017,8325.0,manga,Studio Pierrot,Tokuma,Crown Tokuma
61,elemental gelade,TV,2005,435825.0,manga,Xebec,NBC Universal (Geneon),NBC Universal (Geneon)
62,ensemble stars ,TV,2019,3972750.0,game,David Production,Bandai Visual,Bandai Visual
63,koukyoushihen eureka seven,TV,2005,5695275.0,original,Bones,Bandai Visual,Bandai Visual
64,fate/zero second season,TV,2012,11817750.0,novel,ufotable,Aniplex,Sony
65,fate/stay night unlimited blade works part ii,TV,2015,9451050.0,visual novel,ufotable,Aniplex,Sony
66,fate/kaleid liner prisma illya  prisma phantasm,OVA,2019,217050.0,manga,Silver Link,Kadokawa,Kadokawa
67,lord el-melloi ii sei no jikenbo  rail zeppelin grace note special,OVA,2022,141750.0,novel,Troyca,Aniplex,Sony
68,fuyu no sonata,TV,2009,650175.0,live action,JM Animation,Avex,Avex
69,gaiking  legend of daikuu-maryuu,TV,2005,0.0,original,Toei Animation,Toei,Toei
70,gakuen mokushiroku highschool of the dead,TV,2010,1890900.0,manga,Madhouse,NBC Universal (Geneon),NBC Universal (Geneon)
71,galaxy angel a,TV,2002,1499325.0,original,Madhouse,Bandai Visual,Bandai Visual
72,galaxy angel aa,TV,2003,1557150.0,original,Madhouse,Bandai Visual,Bandai Visual
73,galaxy angel x,TV,2004,1869750.0,original,Madhouse,Bandai Visual,Bandai Visual
74,gegege no kitarou  5th series ,TV,2007,507450.0,manga,Toei Animation,Happinet,Happinet
75,gegege no kitarou  6th series ,TV,2018,645000.0,manga,Toei Animation,Happinet,Happinet
76,kujibiki unbalance,TV,2006,869400.0,manga,Asia-Do,Showgate,Media Factory
77,gin-iro no olynssis,TV,2006,219825.0,novel,Toei Animation,Toei,Happinet
78,gintama season 1,TV,2006,6262275.0,manga,Sunrise,Aniplex,Sony
79,gintama season 2,TV,2007,6562050.0,manga,Sunrise,Aniplex,Sony
80,gintama season 3,TV,2008,6650850.0,manga,Sunrise,Aniplex,Sony
81,gintama season 4,TV,2009,5536425.0,manga,Sunrise,Aniplex,Sony
82,gintama ,TV,2015,3080550.0,manga,Sunrise,Aniplex,Sony
83,gintama. shirogane no tamashii-hen,TV,2018,706125.0,manga,Sunrise,Aniplex,Sony
84,girlish number,TV,2016,190200.0,novel,Diomedia,NBC Universal (Geneon),NBC Universal (Geneon)
85,girls und panzer  heartful tank disc,OVA,2013,744675.0,original,Actas,Bandai Visual,Bandai Visual
86,girls und panzer  kore ga hontou no anzio-sen desu ,OVA,2014,3579975.0,original,Actas,Bandai Visual,Bandai Visual
87,girls und panzer  heartful tank disc 2,OVA,2017,517875.0,original,Actas,Bandai Visual,Bandai Visual
88,glass no kantai,TV,2006,0.0,original,Gonzo,Gonzo,Sony
89,go  go  575  project 575 ,TV,2014,21900.0,game,"Lay-duce, C2C",Aniplex,Sony
90,gochuumon wa usagi desu ka ,TV,2014,3020850.0,manga,White Fox,NBC Universal (Geneon),NBC Universal (Geneon)
91,gochuumon wa usagi desu ka ,TV,2015,3319350.0,manga,"White Fox, Kinema Citrus",NBC Universal (Geneon),NBC Universal (Geneon)
92,gochuumon wa usagi desu ka  dear my sister,OVA,2018,1622625.0,manga,production doA,NBC Universal (Geneon),NBC Universal (Geneon)
93,gokujou.,TV,2012,27975.0,manga,LMD,Cammot,VAP
94,golgo 13,TV,2008,114000.0,manga,The Answer Studio,Bandai Visual,Bandai Visual
95,gotoubun no hanayome,TV,2019,1824375.0,manga,Tezuka Productions,Pony Canyon,Pony Canyon
96,gotoubun no hanayome season 2,TV,2021,1033050.0,manga,Bibury Animation Studios,Pony Canyon,Pony Canyon
97,grenadier,TV,2004,449325.0,manga,"Studio Live, Group TAC",Showgate,Shouchiku
98,grimms notes the animation,TV,2019,32025.0,game,Brains Base,Production Committee,Production Committee
99,grisaia no meikyuu,OVA,2015,224100.0,visual novel,8bit,NBC Universal (Geneon),NBC Universal (Geneon)
100,hagane no renkinjutsushi,TV,2003,19707600.0,manga,Bones,Aniplex,Sony
101,hagane no renkinjutsushi  2009 ,TV,2009,8841525.0,manga,Bones,Aniplex,Sony
102,hagure yuusha no aesthetica vol. 0 ova,OVA,2012,23025.0,novel,Arms,Showgate,Media Factory
103,hamatora,TV,2014,441450.0,manga,Naz,Avex,Avex
104,hand shakers ex,OVA,2017,10575.0,original,GoHands,Frontier Works,Kadokawa
105,happy lesson the tv,TV,2002,521475.0,manga,KSS,KSS,KSS
106,hayate no gotoku ,TV,2007,5527275.0,manga,Synergy SP,Shogakukan,NBC Universal (Geneon)
107,hayate no gotoku ,TV,2009,2679075.0,manga,JC Staff,Shogakukan,NBC Universal (Geneon)
108,hidamari sketch x 365 fandisc,OVA,2008,215175.0,manga,Shaft,Aniplex,Sony
109,hidamari sketch x   fandisc,OVA,2009,214050.0,manga,Shaft,Aniplex,Sony
110,hidamari sketch x honeycomb,TV,2012,2256225.0,manga,Shaft,Aniplex,Sony
111,hiiro no kakera season 2,TV,2012,445125.0,visual novel,Studio Deen,Bandai Visual,Bandai Visual
112,himawari ,TV,2006,0.0,original,Arms,King Records,King Records
113,himawari ,TV,2007,0.0,original,Arms,King Records,King Records
114,himitsu  the revelation,TV,2008,0.0,manga,Madhouse,VAP,VAP
115,hinamatsuri,TV,2018,170325.0,manga,Feel,Kadokawa,Kadokawa
116,hokuto no ken raou gaiden ten no haou,TV,2008,109725.0,manga,Satelight,Asmik Ace,Ken Media
117,honzuki no gekokujou,TV,2019,138825.0,novel,Asia-Do,Flying Dog,Victor Entertainment
118,hortensia saga,TV,2021,22425.0,game,Liden Films,Aniplex,Sony
119,houkago no pleiades ona,OVA,2011,70125.0,original,Gainax,Marvelous AQL,Pony Canyon
120,ichigo marshmallow,TV,2005,1326225.0,manga,Daume,NBC Universal (Geneon),NBC Universal (Geneon)
121,ichigo marshmallow ova,OVA,2007,837150.0,manga,Daume,NBC Universal (Geneon),NBC Universal (Geneon)
122,ichigo marshmallow encore,OVA,2009,450075.0,manga,Daume,NBC Universal (Geneon),NBC Universal (Geneon)
123,the idolm ster xenoglossia,TV,2007,1121025.0,game,Sunrise,Bandai Visual,Bandai Visual
124,puchimas  -petit idolmaster-,TV,2013,879225.0,manga,Gathering,Frontier Works,Media Factory
125,puchimas  -petit idolmaster-,TV,2014,420675.0,manga,Gathering,Frontier Works,Media Factory
126,the idolm ster cinderella girls -animation first set-,OVA,2014,521625.0,game,A1 Pictures,Aniplex,Sony
127,the idolm ster cinderella girls gekijou,TV,2017,1682925.0,manga,Gathering,Frontier Works,Kadokawa
128,the idolm ster cinderella girls gekijou 3rd season,TV,2018,385800.0,manga,Gathering,Frontier Works,Kadokawa
129,the idolm ster cinderella girls gekijou climax season,TV,2019,421425.0,manga,Gathering,Frontier Works,Kadokawa
130,igpx,TV,2005,0.0,original,Production IG,Bandai Visual,Bandai Visual
131,ikoku meiro no croisee,TV,2011,390975.0,manga,Satelight,Media Factory,Media Factory
132,infinite stratos,TV,2011,10716525.0,novel,8bit,Media Factory,Media Factory
133,infinite stratos ova,OVA,2011,2194650.0,novel,8bit,Kadokawa,Kadokawa
134,infinite stratos 2,TV,2013,5689650.0,novel,8bit,TBS,Overlap
135,isshukan friends.,TV,2014,1183950.0,manga,Brains Base,Touhou,Touhou
136,itou junji collection,TV,2018,21450.0,manga,Studio Deen,Smiral,Top Marshal
137,jinzou ningen kikkaider,TV,2000,597750.0,original,Studio OX,Sony,Sony
138,jojo no kimyou na bouken stardust crusaders egypt-hen,TV,2015,3968325.0,manga,David Production,Warner Brothers,Warner Brothers
139,jojo no kimyou na bouken ougon no kaze,TV,2018,3843150.0,manga,David Production,Warner Brothers,Warner Brothers
140,juuousei,TV,2006,1107150.0,manga,Bones,Asmik Ace,Kadokawa
141,k return of kings prelude -come back-,OVA,2015,82050.0,original,GoHands,King Records,King Records
142,k return of kings prelude -each of the bond-,OVA,2015,66150.0,original,GoHands,King Records,King Records
143,kagihime monogatari eikyuu alice rondo,TV,2006,26850.0,manga,Picture Magic,Trinet Entertainment,Amuse Soft
144,kaguya-sama wa kokurasetai  tensai-tachi no renai zunousen,TV,2019,1518600.0,manga,A1 Pictures,Aniplex,Sony
145,kaguya-sama wa kokurasetai  tensai-tachi no renai zunousen,TV,2020,1089000.0,manga,A1 Pictures,Aniplex,Sony
146,kaiji  tobaku mokushiroku kaiji,TV,2007,15300.0,manga,Madhouse,VAP,VAP
147,kakegurui,TV,2019,104775.0,manga,MAPPA,Avex,Avex
148,kami-sama hajimemashita,TV,2012,825825.0,manga,TMS Entertainment,Pony Canyon,Pony Canyon
149,kami-sama hajimemashita  ,TV,2015,418950.0,manga,TMS Entertainment,Pony Canyon,Pony Canyon
150,kampfer,TV,2009,1221600.0,novel,Nomad,TBS,King Records
151,kanokon  manatsu no ooshanikusai,OVA,2009,360075.0,novel,Xebec,Media Factory,Media Factory
152,karakuri circus,TV,2018,262650.0,manga,Studio VOLN,VAP,VAP
153,kekkaishi,TV,2006,234000.0,manga,Sunrise,Shogakukan,Pony Canyon
154,kidou senshi gundam seed,TV,2002,34479525.0,original,Sunrise,Bandai Visual,Bandai Visual
155,kidou senshi gundam seed destiny,TV,2004,40340775.0,original,Sunrise,Bandai Visual,Bandai Visual
156,kidou senshi gundam 00,TV,2007,11560650.0,original,Sunrise,Bandai Visual,Bandai Visual
157,kidou senshi gundam 00 s2,TV,2008,10691250.0,original,Sunrise,Bandai Visual,Bandai Visual
158,kidou senshi gundam uc,OVA,2010,60937800.0,original,Sunrise,Bandai Visual,Bandai Visual
159,kidou senshi gundam age,TV,2011,1517925.0,original,Sunrise,Bandai Visual,Bandai Visual
160,gundam-san,TV,2014,37350.0,original,Sunrise,Bandai Visual,Bandai Visual
161,gundam g no reconquista,TV,2014,4068825.0,original,Sunrise,Bandai Visual,Bandai Visual
162,kidou senshi gundam tekketsu no orphans,TV,2015,4108800.0,original,Sunrise,Bandai Visual,Bandai Visual
163,kidou senshi gundam tekketsu no orphans season 2,TV,2016,2721300.0,original,Sunrise,Bandai Visual,Bandai Visual
164,kin-iro mosaic pretty days,OVA,2017,418500.0,manga,Studio Gokumi,Showgate,Media Factory
165,kino no tabi,TV,2003,539625.0,novel,A.C.G.T.,Pony Canyon,Pony Canyon
166,kitsune no koe,TV,2018,0.0,manga,Yumeta Company,TV Tokyo,Smiral
167,k-on ,TV,2009,16491825.0,manga,Kyoto Animation,TBS,Pony Canyon
168,k-on ,TV,2010,20696400.0,manga,Kyoto Animation,TBS,Pony Canyon
169,kono naka ni hitori  imouto ga iru  ova,OVA,2012,108225.0,novel,Studio Gokumi,Media Factory,Media Factory
170,koukaku kidoutai stand alone complex,TV,2002,9432525.0,original,Production IG,Bandai Visual,Bandai Visual
171,koukaku kidoutai s.a.c. 2nd gig,TV,2004,11489700.0,original,Production IG,Bandai Visual,Bandai Visual
172,koukaku no regios,TV,2009,2630175.0,novel,Zexcs,Kadokawa,Kadokawa
173,koutetsu tenshi kurumi ni-shiki,TV,2001,704550.0,manga,Oriental Light and Magic,Pony Canyon,Pony Canyon
174,kurogane no linebarrel,TV,2008,1763625.0,manga,Gonzo,JVC Entertainment,Victor Entertainment
175,kurokami,TV,2009,84750.0,manga,Sunrise,Bandai Visual,Bandai Visual
176,kuroko no basuke,TV,2012,10145475.0,manga,Production IG,Bandai Visual,Bandai Visual
177,kuroko no basuke fandisc  owaranai natsu,OVA,2012,995775.0,manga,Production IG,Bandai Visual,Bandai Visual
178,kuroko no basuke 2nd season,TV,2013,7796775.0,manga,Production IG,Bandai Visual,Bandai Visual
179,kuroko no basuke fandisc  hikari sasu basho e,OVA,2014,478800.0,manga,Production IG,Bandai Visual,Bandai Visual
180,kuroko no basuke 3rd season,TV,2015,6450450.0,manga,Production IG,Bandai Visual,Bandai Visual
181,kuroko no basuke winter cup soushuuhen,OVA,2016,461550.0,manga,Production IG,Bandai Visual,Bandai Visual
182,kuroko no basuke fandisc  korekara nando demo,OVA,2017,234375.0,manga,Production IG,Bandai Visual,Bandai Visual
183,kyou kara maou  3rd series,TV,2008,571650.0,novel,Studio Deen,Kadokawa,Ken Media
184,kyou no go no ni,TV,2008,273150.0,manga,Xebec,King Records,King Records
185,kyousougiga,TV,2013,335025.0,original,Toei Animation,Toei,Toei
186,kyousougiga ona,OVA,2013,86250.0,original,Toei Animation,Toei,Toei
187,log horizon 2nd series,TV,2014,1112700.0,novel,Studio Deen,NHK Enterprise,Media Factory
188,love live ,TV,2013,10251525.0,original,Sunrise,Bandai Visual,Bandai Visual
189,love live  2nd season,TV,2014,21881175.0,original,Sunrise,Bandai Visual,Bandai Visual
190,lovely idol,TV,2006,377175.0,novel,AIC,Avex,Avex
191,lucky star ova,OVA,2008,1841850.0,manga,Kyoto Animation,Kadokawa,Kadokawa
192,miyakawa-ke no koufuku,TV,2014,54150.0,manga,Ordet,Kadokawa,Kadokawa
193,lupin iii  part iv,TV,2015,810375.0,manga,Telecom Animation Film,VAP,VAP
194,lupin iii  part v,TV,2018,511200.0,manga,Telecom Animation Film,VAP,VAP
195,lupin iii  part vi,TV,2021,233025.0,manga,TMS Entertainment,VAP,VAP
196,macross frontier,TV,2008,19373925.0,original,Satelight,Bandai Visual,Bandai Visual
197,magi,TV,2012,3567450.0,manga,A1 Pictures,Aniplex,Sony
198,mahoromatic  motto utsukushii mono,TV,2002,3032925.0,manga,Gainax,NBC Universal (Geneon),NBC Universal (Geneon)
199,magia record  mahou shoujo madoka magica gaiden 2nd season - kakusei zenya,TV,2021,437925.0,game,Shaft,Aniplex,Sony
200,majikano,TV,2006,44925.0,manga,Tokyo Kids,Aniplex,Sony
201,major 2nd  tv  2nd season,TV,2010,0.0,manga,Synergy SP,Shogakukan,Avex
202,maken-ki ,TV,2014,923250.0,manga,Xebec,Kadokawa,Kadokawa
203,mangaka-san to assistant-san to,TV,2014,173250.0,manga,Zexcs,Frontier Works,Amuse Soft
204,maou gakuin no futekigousha,TV,2020,735300.0,novel,Silver Link,Aniplex,Sony
205,marchen madchen,TV,2018,70725.0,novel,Hoods Entertainment,NBC Universal (Geneon),NBC Universal (Geneon)
206,maria-sama ga miteru ova 3rd season,OVA,2006,2043375.0,novel,Studio Deen,NBC Universal (Geneon),NBC Universal (Geneon)
207,maria-sama ga miteru 4th season,TV,2009,1307850.0,novel,Studio Deen,Production Committee,NBC Universal (Geneon)
208,mashiro-iro symphony,TV,2011,1006125.0,visual novel,Manglobe,Frontier Works,Media Factory
209,mayonaka no occult koumuin ova,OVA,2019,30450.0,manga,Liden Films,Kadokawa,Kadokawa
210,meitantei loki ragnarok,TV,2003,484425.0,manga,Studio Deen,Frontier Works,Amuse Soft
211,megalo box,TV,2021,106500.0,original,TMS Entertainment,Bandai Visual,Bandai Visual
212,merc storia  mukiryoku no shounen to bin no naka no shoujo,TV,2018,420450.0,game,Encourage Films,Frontier Works,Frontier Works
213,mezzo,TV,2004,578100.0,original,Arms,Happinet,Happinet
214,michiko to hacchin,TV,2008,0.0,original,Manglobe,Fuji Television,Media Factory
215,miracle train,TV,2009,412575.0,original,Yumeta Company,Aniplex,Sony
216,miss monochrome,TV,2013,141375.0,original,Liden Films,King Records,King Records
217,miss monochrome season 2 and 3,TV,2015,47925.0,original,Liden Films,King Records,King Records
218,moonlight mile,TV,2007,18300.0,manga,Studio Hibari,Amuse Soft,Amuse Soft
219,moonlight mile second season,TV,2007,0.0,manga,Studio Hibari,Amuse Soft,Amuse Soft
220,mugen no juunin  immortal,TV,2019,32550.0,manga,Liden Films,Pony Canyon,Pony Canyon
221,mushishi tokubetsu-hen hihamukage,OVA,2014,440925.0,novel,Artland,Aniplex,Sony
222,my-hime,TV,2004,4480800.0,original,Sunrise,Bandai Visual,Bandai Visual
223,my-otome,TV,2005,3961050.0,original,Sunrise,Bandai Visual,Bandai Visual
224,my-otome zwei,OVA,2005,2605650.0,original,Sunrise,Bandai Visual,Bandai Visual
225,najica dengeki dakusen,TV,2001,576825.0,original,Studio Fantasia,Media Factory,Media Factory
226,nekogami yaoyorozu ova,OVA,2011,22875.0,manga,AIC Plus,Marvelous AQL,Pony Canyon
227,nekopara,TV,2020,118725.0,visual novel,Felix Film,Avex,Avex
228,netsuzou trap -ntr-,TV,2017,33225.0,manga,Creators In Pack,DMM,DMM
229,new game ,TV,2016,1802850.0,manga,Douga Koubou,Media Factory,Media Factory
230,new game ,TV,2017,1109250.0,manga,Douga Koubou,Kadokawa,Kadokawa
231,night wizard the animation,TV,2007,807000.0,game,Hal Film Maker,NBC Universal (Geneon),NBC Universal (Geneon)
232,nurarihyon no mago  sennen no makyou,TV,2011,1037250.0,manga,Studio Deen,Touhou,Touhou
233,oda nobuna no yabou soushuuhen,OVA,2012,25200.0,novel,Madhouse,Pony Canyon,Pony Canyon
234,okusama ga seitokaichou ,TV,2016,107625.0,manga,Seven,Dream Creation,Dream Creation
235,one punch man season 2,TV,2019,288150.0,manga,JC Staff,Bandai Visual,Bandai Visual
236,one room second season,TV,2018,90825.0,original,Zero-G,Smiral,Top Marshal
237,onii-chan dakedo ai sae areba kankenai yo ne,TV,2012,854700.0,novel,Silver Link,Media Factory,Media Factory
238,ooedo rocket,TV,2007,14400.0,stage play,Madhouse,NBC Universal (Geneon),NBC Universal (Geneon)
239,ore no imouto ga konna ni kawaii wake ga nai,TV,2010,9751350.0,novel,AIC Build,Aniplex,Sony
240,ore no imouto ga konna ni kawaii wake ga nai.,TV,2013,6635400.0,novel,A1 Pictures,Aniplex,Sony
241,ore no nounai sentakushi ga  gakuen love come wo zenryoku de jama shiteiru,TV,2013,341025.0,novel,Diomedia,Kadokawa,Kadokawa
242,oretachi ni tsubasa wa nai,TV,2011,467175.0,visual novel,Nomad,Marvelous AQL,Media Factory
243,osomatsu-san kobanashi atsume,OVA,2017,308025.0,manga,Studio Pierrot,Avex,Avex
244,osomatsu-san season 2,TV,2017,3654750.0,manga,Studio Pierrot,Avex,Avex
245,ouran koukou host-bu,TV,2006,2354550.0,manga,Bones,VAP,VAP
246,oushitsu kyoushi haine,TV,2017,725625.0,manga,Bridge,Avex,Avex
247,persona 4,TV,2011,16001550.0,game,AIC ASTA,Aniplex,Sony
248,persona 4 the golden,TV,2014,2492625.0,game,A1 Pictures,Aniplex,Sony
249,persona 5,TV,2018,3228675.0,game,A1 Pictures,Aniplex,Sony
250,platinumhugen oridan,TV,2000,216600.0,original,Plum,KSS,KSS
251,pop team epic,TV,2018,888225.0,manga,Kamikaze Douga,King Records,King Records
252,pop team epic special,OVA,2019,230400.0,manga,Kamikaze Douga,King Records,King Records
253,ragnarok the animation,TV,2004,415125.0,game,Gonzo,Amuse Soft,Amuse Soft
254,rainbow,TV,2010,0.0,manga,Madhouse,VAP,VAP
255,re zero kara hajimeru isekai seikatsu  memory snow,OVA,2020,423600.0,novel,White Fox,Showgate,Media Factory
256,real drive rd sennou chousashitsu,TV,2008,395850.0,original,Production IG,VAP,VAP
257,renkin 3-kyuu magical pokaan,TV,2006,599700.0,original,Remic,Media Factory,Media Factory
258,rinne no lagrange fandisc,OVA,2012,30300.0,original,Xebec,Bandai Visual,Bandai Visual
259,roukyuubu ,TV,2011,2003925.0,novel,"Studio Blanc, Project No 9",Warner Brothers,Warner Brothers
260,roukyuubu  ss,TV,2013,1313700.0,novel,Project No.9,Warner Brothers,Warner Brothers
261,rozen maiden traumend,TV,2005,2289675.0,manga,Nomad,TBS,Pony Canyon
262,rozen maiden overture,OVA,2007,587400.0,manga,Nomad,TBS,Pony Canyon
263,saiki kusuo no sai-nan,TV,2016,288900.0,manga,JC Staff,Pony Canyon,Pony Canyon
264,saikin  imouto no yousuga chotto okashinda ga.,TV,2014,486750.0,manga,Project No.9,Frontier Works,Media Factory
265,saint seiya omega new cloth-hen,TV,2013,254175.0,manga,Toei Animation,Bandai Visual,Bandai Visual
266,saiunkoku monogatari second season,TV,2007,2177850.0,novel,Madhouse,Kadokawa,Frontier Works
267,seitokai yakuindomo kaette kita ova,OVA,2013,425550.0,manga,GoHands,King Records,King Records
268,sekai-ichi hatsukoi,TV,2011,1485375.0,manga,Studio Deen,Kadokawa,Kadokawa
269,sekai seifuku  bouryaku no zvezda ova,OVA,2014,113700.0,original,A1 Pictures,Aniplex,Sony
270,sengoku basara,TV,2010,3939225.0,game,Production IG,Shouchiku,Pony Canyon
271,senran kagura shinovi master  tokyo youma-hen,TV,2018,139950.0,game,TNK,Kadokawa,Kadokawa
272,sensei no ojikan,TV,2004,641775.0,manga,JC Staff,King Records,King Records
273,senyuu. season 2,TV,2013,97800.0,manga,Ordet,Bandai Visual,Bandai Visual
274,shakugan no shana ii,TV,2007,3615075.0,novel,JC Staff,Showgate,NBC Universal (Geneon)
275,shinchou yuusha  kono yuusha ga ore tsueee kuse ni shinchou sugiru,TV,2019,124575.0,novel,ENGI,Kadokawa,Kadokawa
276,shingeki no kyojin oad archive,OVA,2022,121125.0,manga,WIT Studio,Pony Canyon,Pony Canyon
277,shinryaku  ikamusume,TV,2010,2213625.0,manga,Diomedia,Pony Canyon,Pony Canyon
278,shinryaku  ikamusume,TV,2011,1047150.0,manga,Diomedia,Pony Canyon,Pony Canyon
279,show by rock ,TV,2016,589575.0,game,Bones,FuRyu,Pony Canyon
280,shukufuku no campanella ova,OVA,2010,95850.0,visual novel,AIC,Marvelous AQL,Media Factory
281,sk  the infinity,TV,2021,2157150.0,original,Bones,Aniplex,Sony
282,softtenni,TV,2011,241875.0,manga,Xebec,NBC Universal (Geneon),NBC Universal (Geneon)
283,soukou musume senki,TV,2021,9150.0,game,Studio A-CAT,DMM,DMM
284,soukyuu no fafner,TV,2004,3499275.0,original,Xebec,King Records,King Records
285,soukyuu no fafner exodus,TV,2015,2892525.0,original,Xebec,King Records,King Records
286,starmyu season 2,TV,2017,1728600.0,original,C-Station,NBC Universal (Geneon),NBC Universal (Geneon)
287,starmyu in halloween,OVA,2018,120150.0,original,C-Station,NBC Universal (Geneon),NBC Universal (Geneon)
288,starmyu season 3,TV,2019,1291125.0,original,C-Station,NBC Universal (Geneon),NBC Universal (Geneon)
289,strange plus,TV,2014,11175.0,manga,Seven,Production Committee,Dream Creation
290,shin strange plus,TV,2014,3450.0,manga,Seven,Production Committee,Dream Creation
291,stratos four,TV,2003,1082400.0,original,Studio Fantasia,Bandai Visual,Bandai Visual
292,stratos four ova,OVA,2004,605700.0,original,Studio Fantasia,Bandai Visual,Bandai Visual
293,stratos four advance,OVA,2005,992475.0,original,Studio Fantasia,Bandai Visual,Bandai Visual
294,stratos four log book,OVA,2006,65625.0,original,Studio Fantasia,Bandai Visual,Bandai Visual
295,strike the blood ova,OVA,2013,1141125.0,novel,Silver Link,Warner Brothers,Warner Brothers
296,strike the blood ii ova,OVA,2016,1977750.0,novel,Silver Link,Warner Brothers,Warner Brothers
297,brave witches ova,OVA,2017,354150.0,original,Silver Link,Kadokawa,Kadokawa
298,sumomo mo momomo,TV,2006,364050.0,manga,Studio Hibari,Bandai Visual,Bandai Visual
299,suzumiya haruhi-chan no yuuutsu to nyoron churuya-san,TV,2009,1581225.0,manga,Kyoto Animation,Kadokawa,Movic
300,tamayura  more aggressive ova,OVA,2013,130875.0,original,TYO Animations,Shouchiku,Shouchiku
301,tantei opera milky holmes ss ova,OVA,2010,217575.0,original,JC Staff,Pony Canyon,Pony Canyon
302,teekyuu season 2,TV,2013,100500.0,manga,MAPPA,Earth Star Entertainment,Earth Star Entertainment
303,teekyuu season 3,TV,2013,81225.0,manga,MAPPA,Earth Star Entertainment,Earth Star Entertainment
304,teekyuu season 4,TV,2015,61575.0,manga,Millepensee,Earth Star Entertainment,Earth Star Entertainment
305,teekyuu season 5,TV,2015,46800.0,manga,Millepensee,Earth Star Entertainment,Earth Star Entertainment
306,teekyuu season 6,TV,2015,41925.0,manga,Millepensee,Earth Star Entertainment,Earth Star Entertainment
307,teekyuu season 7,TV,2016,33525.0,manga,Millepensee,Earth Star Entertainment,Earth Star Entertainment
308,teekyuu season 8,TV,2016,27075.0,manga,Millepensee,Earth Star Entertainment,Earth Star Entertainment
309,teekyuu season 9,TV,2017,21975.0,manga,Millepensee,Earth Star Entertainment,Earth Star Entertainment
310,tensei shitara slime datta ken season 2,TV,2021,1182675.0,novel,8bit,Bandai Visual,Bandai Visual
311,tenshi no shippo,TV,2001,90525.0,original,Wonderfarm,Bandai Visual,Bandai Visual
312,terra e,TV,2007,2090775.0,manga,Tokyo Kids,Aniplex,Sony
313,tetsujin 28-go,TV,2004,584625.0,manga,Genco,King Records,King Records
314,the soultaker,TV,2001,364050.0,original,Tatsunoko Production,Toshiba Digital Frontier,NBC Universal (Geneon)
315,therma romae,TV,2012,8325.0,manga,DLE,Fuji Television,Touhou
316,to aru kagaku no railgun ova,OVA,2009,1505625.0,manga,JC Staff,NBC Universal (Geneon),NBC Universal (Geneon)
317,toheart2,TV,2005,1155075.0,visual novel,Oriental Light and Magic,Imagica,NBC Universal (Geneon)
318,tokyo ghoul ova,OVA,2015,181425.0,manga,Studio Pierrot,Marvelous AQL,TC Entertainment
319,tsubasa chronicle 2nd series,TV,2006,441375.0,manga,Bee Train,NHK Enterprise,Bandai Visual
320,tsukihime,TV,2003,3329475.0,visual novel,JC Staff,NBC Universal (Geneon),NBC Universal (Geneon)
321,tsuyokiss cool x sweet,TV,2006,314550.0,visual novel,Studio Hibari,Trinet Entertainment,Media Factory
322,uchuu senkan tiramisu,TV,2018,63225.0,manga,Gonzo,FuRyu,Overlap
323,uchuu senkan tiramisu ii,TV,2018,13650.0,manga,Gonzo,FuRyu,Overlap
324,ufo princess valkyrie ova,OVA,2003,146925.0,manga,TNK,Toshiba Digital Frontier,Media Factory
325,ufo princess valkyrie deluxe,OVA,2004,74550.0,manga,TNK,Media Factory,Media Factory
326,ulysses  jehanne darc to renkin no kishi,TV,2018,0.0,novel,AXsiZ,DMM,DMM
327,un-go episode 0 inga-ron,OVA,2011,137100.0,original,Bones,Fuji Television,Touhou
328,uta no prince-sama maji love 2000 ,TV,2013,11483850.0,visual novel,A1 Pictures,King Records,King Records
329,wellber no monogatari,TV,2007,0.0,original,Production IG,Avex,Avex
330,wellber no monogatari s2,TV,2008,0.0,original,Production IG,Avex,Avex
331,working ,TV,2010,4845000.0,manga,A1 Pictures,Aniplex,Sony
332,working ,TV,2011,4073625.0,manga,A1 Pictures,Aniplex,Sony
333,working ,TV,2015,1538400.0,manga,A1 Pictures,Aniplex,Sony
334,yahari ore no seishun love come wa machigatteiru.,TV,2013,3222150.0,novel,Brains Base,Marvelous AQL,NBC Universal (Geneon)
335,yahari ore no seishun love come wa machigatteiru. zoku,TV,2015,3647700.0,novel,Feel,Marvelous AQL,NBC Universal (Geneon)
336,yahari ore no seishun love come wa machigatteiru. kan,TV,2020,4138875.0,novel,Feel,Marvelous AQL,NBC Universal (Geneon)
337,yakusoku no neverland season 2,TV,2021,45300.0,manga,Cloverworks,Aniplex,Sony
338,yuru yuri ,TV,2012,2221200.0,manga,Douga Koubou,Pony Canyon,Pony Canyon
339,yuru yuri ,OVA,2019,240450.0,manga,Lay-Duce,Pony Canyon,Pony Canyon
340,yuuki yuuna wa yuusha de aru season 2,TV,2017,2382375.0,original,Studio Gokumi,Pony Canyon,Pony Canyon
341,yuukoku no moriarty  yuri no tsuioku,OVA,2022,183825.0,manga,Production IG,Emotion,Bandai Visual
342,yuuri  on ice,TV,2016,20971650.0,original,MAPPA,Avex,Avex
343,yuyushiki ova,OVA,2017,505125.0,manga,Kinema Citrus,NBC Universal (Geneon),NBC Universal (Geneon)
344,zero no tsukaima  princess no rondo,TV,2008,1292475.0,novel,JC Staff,Shouchiku,Media Factory
